[{
        "value": "所有"
    },
    {
        "value": "中心城区",
        "children": [
            "所有",
            "渝中区",
            "江北区",
            "渝北区",
            "沙坪坝区",
            "九龙坡区",
            "南岸区",
            "大渡口区",
            "巴南区",
            "北碚区",
            "高新区",
            "两江新区"
        ]
    },
    {
        "value": "桥头堡城市",
        "children": [
            "所有",
            "荣昌区",
            "大足区",
            "铜梁区",
            "潼南区"
        ]
    },
    {
        "value": "支点城市",
        "children": [
            "所有",
            "涪陵区",
            "永川区",
            "合川区",
            "綦江区",
            "万盛经开区"
        ]
    },
    {
        "value": "先行城市",
        "children": [
            "所有",
            "璧山区",
            "江津区",
            "长寿区",
            "南川区"
        ]
    },
    {
        "value": "渝东北",
        "children": [
            "所有",
            "万州区",
            "开州区",
            "梁平区",
            "城口县",
            "丰都县",
            "垫江县",
            "忠县",
            "云阳县",
            "奉节县",
            "巫山县",
            "巫溪县"
        ]
    },
    {
        "value": "渝东南",
        "children": [
            "所有",
            "黔江区",
            "武隆区",
            "石柱县",
            "秀山县",
            "酉阳县",
            "彭水县"
        ]
    }
]