[{
        "label": "测试1",
        "key": "",
        "hierarchy": 1,
        "id": "0-1",
        "children": [{
                "label": "姓名",
                "key": "name",
                "hierarchy": 2,
                "id": "0-1-1",
                "children": [],
                "explain": "姓名",
                "dw": "",
                "width": "500",
                "isShow": false,
                "isCruxKey": false,
                "isMapKey": false,
                "ischartsTitle": false,
                "ischartsShow": false,
                "zBgColor": "",
                "cellRenderer": null,
                "tipRenderer": null,
                "colFixed": "null",
                "colSort": "0",
                "proportion": 12,
                "tableCustom": false
            },
            {
                "label": "身高",
                "key": "height",
                "hierarchy": 2,
                "id": "0-1-2",
                "children": [],
                "explain": "身高",
                "dw": "cm",
                "width": 120,
                "isShow": true,
                "isCruxKey": false,
                "isMapKey": false,
                "ischartsTitle": false,
                "ischartsShow": false,
                "zBgColor": "",
                "cellRenderer": null,
                "tipRenderer": null,
                "colFixed": "null",
                "colSort": "0",
                "proportion": 12,
                "tableCustom": true
            },
            {
                "label": "体重",
                "key": "weight",
                "hierarchy": 2,
                "id": "0-1-3",
                "children": [],
                "explain": "体重",
                "dw": "kg",
                "width": 120,
                "isShow": true,
                "isCruxKey": false,
                "isMapKey": false,
                "ischartsTitle": false,
                "ischartsShow": false,
                "zBgColor": "",
                "cellRenderer": null,
                "tipRenderer": null,
                "colFixed": "null",
                "colSort": "0",
                "proportion": 12,
                "tableCustom": false
            },
            {
                "label": "年龄",
                "key": "age",
                "hierarchy": 2,
                "id": "0-1-4",
                "children": [],
                "explain": "年龄",
                "dw": "",
                "width": 120,
                "isShow": false,
                "isCruxKey": false,
                "isMapKey": false,
                "ischartsTitle": false,
                "ischartsShow": false,
                "zBgColor": "",
                "cellRenderer": null,
                "tipRenderer": null,
                "colFixed": "null",
                "colSort": "0",
                "proportion": 12,
                "tableCustom": false
            }, {
                "label": "测试1-2",
                "key": "",
                "hierarchy": 1,
                "id": "0-1-5",
                "children": [{
                    "label": "哈哈",
                    "key": "hh",
                    "hierarchy": 2,
                    "id": "0-1-5-1",
                    "children": [],
                    "explain": "哈哈",
                    "dw": "",
                    "width": 120,
                    "isShow": true,
                    "isCruxKey": false,
                    "isMapKey": false,
                    "ischartsTitle": false,
                    "ischartsShow": false,
                    "zBgColor": "",
                    "cellRenderer": null,
                    "tipRenderer": null,
                    "colFixed": "null",
                    "colSort": "0",
                    "proportion": 12,
                    "tableCustom": false
                }]
            }
        ]
    },
    {
        "label": "测试2",
        "key": "",
        "hierarchy": 1,
        "id": "0-2",
        "children": [{
            "label": "测试",
            "key": "sr",
            "hierarchy": 2,
            "id": "0-2-1",
            "children": [],
            "explain": "测试",
            "dw": "",
            "width": 120,
            "isShow": true,
            "isCruxKey": false,
            "isMapKey": false,
            "ischartsTitle": false,
            "ischartsShow": false,
            "zBgColor": "",
            "cellRenderer": null,
            "tipRenderer": null,
            "colFixed": "null",
            "colSort": "0",
            "proportion": 12,
            "tableCustom": false
        }]
    }
]