[{
        "type": "list",
        "title": "列表"
    },
    {
        "type": "table",
        "title": "表格"
    }, {
        "type": "destailTable",
        "title": "详情列表"
    },
    {
        "type": "pie",
        "title": "饼图"
    },
    {
        "type": "ring",
        "title": "环图"
    },
    {
        "type": "histogram",
        "title": "柱状图"
    },
    {
        "type": "bar",
        "title": "条形图"
    },
    {
        "type": "line",
        "title": "折线图"
    },
    {
        "type": "radar",
        "title": "雷达图"
    }
]